INSERT INTO warehouse
	(wcode, wname)
VALUES
	('warehouse0001', 'Warehouse 1'),
	('warehouse0002', 'Warehouse 2'),
	('warehouse0003', 'Warehouse 3'),
	('warehouse0004', 'Warehouse 4'),
	('warehouse0005', 'Warehouse 5'),
	('warehouse0006', 'Warehouse 6');

INSERT INTO abin
	(binno, wcode, capacity)
VALUES
	(0001, 'warehouse0001', 50),
	(0004, 'warehouse0004', 40),
	(0001, 'warehouse0005', 40),
	(0003, 'warehouse0002', 50),
	(0005, 'warehouse0006', 50);

INSERT INTO manager
  	(empno, mname)
  VALUES
  	(2001, 'Sarah Kelly'),
  	(2002, 'Justin Baker'),
  	(2003, 'Jacob Back'),
  	(2004, 'Edward Cullen'),
  	(2005, 'Shauna Weiss'),
		(2006, 'Berry Straw'),
		(2007, 'Mark Camel'),
		(2008, 'Jim Cash'),
		(2009, 'Sarah Bryan');

INSERT INTO part
	(partno, pname, bdate, bqty, empno)
  VALUES
	(1114, 'tire', '2018-23-03', 12, 2004),
	(1114, 'tire', '2018-23-03', 12, 2007),
	(1114, 'tire', '2018-23-03', 12, 2006),
	(1114, 'tire', '2018-23-03', 12, 2008),
	(1114, 'tire', '2018-23-03', 12, 2009),
	(1114, 'tire', '2018-23-03', 12, 2009),
	(1002, 'mirror', '2018-20-01', 15, 2004),
	(1003, 'side door', '2018-20-01', 35, 2005),
	(1004, 'wheel', '2018-10-10', 40, 2004),
	(1005, 'gas pedal', '2018-05-02', 47, 2001),
  (1006, 'brake', '2017-29-12', 47, 2001);

INSERT INTO batch
  	(batchno, datein, size, binno, wcode)
  VALUES
  	(3001, '2018-01-01', 100, 0001, 'warehouse0001'),
  	(3002, '2018-03-30', 100, 0004, 'warehouse0004'),
  	(3003, '2018-05-11', 100, 0001, 'warehouse0005'),
  	(3004, '2018-15-06', 100, 0003, 'warehouse0002'),
  	(3005, '2018-01-08', 100, 0005, 'warehouse0006');

INSERT INTO item
  	(itemno, batchno, partno, idateout, empno)
  VALUES
  	(4001, 3002, 1114, '2018-01-01', 2005),
  	(4002, 3003, 1003, '2018-05-11', 2003),
  	(4003, 3001, 1004, '2018-04-12', 2003),
  	(4004, 3005, 1004, '2018-04-09', 2002),
  	(4005, 3002, 3002, '2018-04-29', 2003),
		(4006, 3002, 3002, '2018-04-30', 2002),
		(4007, 3002, 3002, '2018-04-30', 2002),
		(4008, 3002, 3002, '2018-04-30', 2002),
		(4009, 3002, 3002, '2018-04-30', 2002),
		(4010, 3002, 3002, '2018-04-30', 2002),
		(4011, 3002, 3002, '2018-04-30', 2002),
		(4012, 3002, 3002, '2018-04-30', 2002);

INSERT INTO assembly
    	(assemblyno, adateout, empno)
VALUES
	(5001, '2018-07-13', 2004),
	(5002, '2018-05-03', 2001),
	(5003, '2018-10-10', 2004),
	(5004, '2018-07-13', 2003),
	(5005, '2018-07-13', 2005),
	(5006, '2018-07-13', 2005),
	(5007, '2018-07-13', 2005),
	(5008, '2018-07-13', 2001),
	(5009, '2018-07-13', 2002),
	(5010, '2018-07-13', 2004),
	(5011, '2018-07-13', 2001),
	(5012, '2018-07-13', 2003);

INSERT INTO comprises
	(itemno, partno, batchno, assemblyno)
VALUES
	(4001, 1114, 3002, 5001),
	(4002, 1003, 3003, 5002),
	(4003, 1004, 3001, 5003),
	(4004, 1004, 3005, 5004),
	(4005, 1005, 3002, 5005),
	(4006, 1006, 3002, 5005),
	(4005, 1005, 3002, 5006),
	(4006, 1006, 3002, 5006),
	(4005, 1005, 3002, 5007),
	(4006, 1006, 3002, 5007),
	(4007, 1006, 3002, 5008),
	(4008, 1005, 3002, 5008),
	(4009, 1003, 3002, 5009),
	(4010, 1006, 3002, 5009),
	(4011, 1002, 3002, 5010),
	(4012, 1003, 3002, 5010);

INSERT INTO instances
	(itemno, partno, batchno)
VALUES
	(4001, 1114, 3002),
	(4002, 1003, 3003),
	(4003, 1004, 3001),
	(4004, 1004, 3005),
	(4005, 1005, 3002),
  (4006, 1006, 3002),
	(4006, 1006, 3002),
	(4007, 1006, 3002),
	(4008, 1005, 3002),
	(4009, 1003, 3002),
	(4010, 1006, 3002),
	(4011, 1002, 3002),
	(4012, 1003, 3002);
